<annotation verified="yes">
    <folder>Blurry</folder>
    <filename>9</filename>
    <path>OutputData/Blurry/9</path>
    <source>
        <database>Unknown</database>
    </source>
    <size>
        <width>512</width>
        <height>512</height>
        <depth>3</depth>
    </size>
    <segmented>0</segmented>
    <object>
        <name>red</name>
        <pose>Unspecified</pose>
        <truncated>0</truncated>
        <difficult>0</difficult>
        <bndbox>
            <xmin>61</xmin>
            <ymin>136</ymin>
            <xmax>291</xmax>
            <ymax>335</ymax>
        </bndbox>
    </object>
</annotation>
