<annotation verified="yes">
    <folder>Sharp</folder>
    <filename>3</filename>
    <path>OutputData/Sharp/3</path>
    <source>
        <database>Unknown</database>
    </source>
    <size>
        <width>512</width>
        <height>512</height>
        <depth>3</depth>
    </size>
    <segmented>0</segmented>
    <object>
        <name>red</name>
        <pose>Unspecified</pose>
        <truncated>0</truncated>
        <difficult>0</difficult>
        <bndbox>
            <xmin>186</xmin>
            <ymin>301</ymin>
            <xmax>350</xmax>
            <ymax>493</ymax>
        </bndbox>
    </object>
</annotation>
